,題目,A,B,C,D,答案
0,《火影忍者》中，宇智波佐助最初的目標是什麼？,成為火影,打敗鳴人,復仇,成為最強忍者,C
1,在中忍考試中，鳴人使用了哪一招打敗了日向寧次？,千鳥,龍火之術,影分身之術,螺旋丸,D
2,小櫻在成為醫療忍者之前，向哪位老師學習醫療忍術？,自來也,綱手,大蛇丸,卡卡西,B
3,哪位角色被稱為“木葉的黃色閃光”？,宇智波斑,波風湊,自來也,大蛇丸,B
4,《火影忍者》中，尾獸共有幾尾？,7尾,9尾,8尾,10尾,B
5,鳴人小時候最喜歡吃什麼食物？,壽司,拉麵,烤肉,章魚燒,B
6,卡卡西的左眼擁有什麼特殊能力？,輪迴眼,白眼,寫輪眼,木遁,C
7,誰是鳴人的師父，教會了他螺旋丸？,自來也,綱手,大蛇丸,卡卡西,A
8,哪一場戰鬥讓鳴人第一次使用了九尾查克拉？,鳴人 vs. 佐助,鳴人 vs. 我愛羅,鳴人 vs. 白,鳴人 vs. 鬼鮫,C
9,佐助的哥哥宇智波鼬曾是忍者組織中的一員，這個組織的名字是什麼？,曉,音忍,根,雲忍,A
10,鳴人的父親波風湊是哪一代火影？,初代火影,二代火影,三代火影,四代火影,D
11,在《火影忍者》中，哪位角色擁有“屍骨脈”血繼限界？,君麻呂,白,鬼鮫,佐助,A
12,鳴人從哪一位尾獸那裡獲得了力量？,二尾,八尾,九尾,七尾,C
13,自來也是傳說中的三忍之一，他的外號是什麼？,木葉白牙,仙人,蛇仙,好色仙人,D
14,宇智波一族的瞳術“萬花筒寫輪眼”需要什麼才能覺醒？,打敗強敵,受到強烈的情感刺激,完成忍者試煉,修煉多年,B
15,哪位角色以“陰遁雷派”聞名於忍界？,宇智波斑,初代火影,千手柱間,佩恩,D
16,小櫻的查克拉屬性是什麼？,火,風,水,土,C
17,哪位角色被稱為“影子操縱者”？,日向寧次,鹿丸,佐井,丁次,B
18,在《火影忍者》中，哪位角色是體術的專家？,旗木卡卡西,我愛羅,李洛克,佐助,C
19,哪個忍者村發明了“雷遁查克拉模式”？,霧隱村,雲隱村,砂隱村,木葉村,B
20,《火影忍者》中，誰是佐助的最佳朋友兼對手？,小櫻,卡卡西,鳴人,鹿丸,C
21,在《火影忍者》中，宇智波斑最終被哪一個角色打敗？,鳴人,佐助,卡卡西,黑絕,D
22,誰是最終的反派角色，在最終戰中與鳴人和佐助對決？,斑,大筒木輝夜,佩恩,大蛇丸,B
23,哪位角色是第三代火影的孫子？,木葉丸,牙,志乃,丁次,A
24,哪個角色創立了“月讀”幻術？,宇智波斑,宇智波鼬,佐助,宇智波止水,B
25,哪位角色使用了“八門遁甲”最終技“夜凱”？,卡卡西,佐助,邁特凱,李洛克,C
26,鳴人的母親漩渦玖辛奈來自哪個忍者家族？,宇智波一族,日向一族,砂隱村,漩渦一族,D
27,大蛇丸的最終目標是什麼？,統治忍界,研究所有忍術,成為火影,復仇,B
28,哪個角色最早學會了“影分身之術”？,佐助,卡卡西,鳴人,小櫻,C
29,旗木卡卡西的父親被稱為什麼？,木葉白牙,黃閃光,木葉英雄,雷遁天才,A
30,哪一場戰鬥讓佐助覺醒了“永恆萬花筒寫輪眼”？,與鳴人的決鬥,與鼬的對決,與斑的戰鬥,與佩恩的戰鬥,B
31,哪位忍者擁有“白眼”？,佐井,牙,日向雛田,我愛羅,C
32,在第四次忍界大戰中，哪個角色最早成為了十尾人柱力？,鳴人,斑,佐助,帶土,D
33,宇智波鼬對佐助使用了哪一種瞳術來保護他？,月讀,天照,别天神,伊邪那岐,C
34,哪個組織的成員都穿著黑底紅雲的服裝？,音忍村,曉,根,雲隱村,B
35,鳴人最終成為了第幾代火影？,五代,六代,七代,八代,C
36,哪一種動物是自來也的召喚獸？,蛇,狗,蛤蟆,老虎,C
37,小櫻的最強攻擊技能是什麼？,瞬身之術,查克拉刀,醫療忍術,怒擊百豪拳,D
38,佐助的“千鳥”是跟誰學習的？,自來也,大蛇丸,卡卡西,鳴人,C
39,在《火影忍者》中，誰曾是第二代火影的徒弟？,大蛇丸,綱手,自來也,猿飛日斬,D
40,在第四次忍界大戰中，哪個角色與鳴人聯手打敗了宇智波斑？,佐助,卡卡西,我愛羅,邁特凱,A
41,哪位角色最擅長使用傀儡術？,佐井,大蛇丸,勘九郎,日向寧次,C
42,大蛇丸曾經是誰的弟子？,鳴人,三代火影,四代火影,二代火影,B
43,哪個角色是九尾查克拉的另一半？,佐助,波風湊,鳴人,黑鳴人,B
44,哪位角色的血繼限界是“熔遁”？,我愛羅,照美冥,佐助,迪達拉,B
45,第四次忍界大戰中，哪位角色解除了“穢土轉生”的術？,自來也,宇智波鼬,大蛇丸,佐助,B
46,在《火影忍者》中，哪位角色最先擁有“輪迴眼”？,鳴人,佩恩,斑,佐助,B
47,旗木卡卡西的招牌技能是什麼？,影分身之術,風遁·螺旋丸,雷切,天照,C
48,哪位忍者曾經是曉組織的間諜？,鬼鮫,佐井,迪達拉,宇智波鼬,D
49,哪個村子的忍者使用了沙子作為武器？,霧隱村,岩隱村,砂隱村,木葉村,C
50,哪位角色在第四次忍界大戰中以“鳴人模式”戰鬥？,宇智波斑,佐助,帶土,鳴人,D
51,佐井的忍術以什麼為特色？,火遁,雷遁,水墨畫,傀儡術,C
52,哪位角色曾經是第四代火影的弟子？,大蛇丸,自來也,鳴人,小櫻,C
53,在《火影忍者》中，九尾的真名是什麼？,九喇嘛,忍狗,螺旋,幻月,A
54,宇智波斑的復活是使用了什麼忍術？,穢土轉生,死者復活,外道輪回天生之術,幻術,C
55,哪位忍者擁有“熔遁”與“沸遁”兩種血繼限界？,迪達拉,我愛羅,照美冥,佐助,C
56,在第四次忍界大戰中，誰是“白絕”的領袖？,宇智波斑,帶土,黑絕,佩恩,B
57,哪一個忍術讓大蛇丸擁有了長生不老的能力？,穢土轉生,不屍轉生,死亡筆記,生死轉換,B
58,哪個角色的武器是針灸和線？,日向雛田,鹿丸,鬼鮫,鐮鼬,D
59,鳴人與佐助在最終對決中，失去了哪一部分身體？,右臂,左腿,右眼,左臂,D
60,哪位角色最擅長使用毒？,小櫻,勘九郎,靜音,赤砂之蠍,D
61,旗木卡卡西在成為火影之前是什麼職位？,上忍,中忍,暗部隊長,根部成員,C
62,哪位角色在第四次忍界大戰中曾被穢土轉生復活？,初代火影,九喇嘛,小櫻,邁特凱,A
63,誰是九尾之前的宿主？,鳴人,漩渦玖辛奈,波風湊,自來也,B
64,哪位角色是唯一能夠控制尾獸的人？,初代火影,佐助,大蛇丸,綱手,A
65,佩恩使用哪種瞳術來控制他的六道分身？,寫輪眼,輪迴眼,白眼,永恆萬花筒寫輪眼,B
66,哪個忍術讓佐助獲得了強大的火遁能力？,千鳥,螺旋丸,豪火球之術,天照,D
67,在第四次忍界大戰中，宇智波斑使用什麼忍術召喚了十尾？,外道輪回天生之術,穢土轉生,木遁,六道天道,A
68,哪位角色在戰鬥中最常使用巨型忍具？,佐井,鬼鮫,迪達拉,勘九郎,B
69,鳴人和九尾最終是如何成為夥伴的？,鳴人控制了九尾,鳴人打敗了九尾,鳴人贏得了九尾的信任,九尾被強制馴服,C
70,哪位忍者創立了“曉”組織？,宇智波斑,長門,小南,彌彥,D
71,哪個忍術讓卡卡西能夠穿越異次元空間？,雷切,千鳥,神威,月讀,C
72,哪位角色曾經被稱為“無尾尾獸”？,迪達拉,干柿鬼鮫,自來也,大蛇丸,B
73,在《火影忍者》中，哪位角色曾是第四代火影的妻子？,綱手,小南,漩渦玖辛奈,日向雛田,C
74,哪位角色最擅長使用“天之咒印”？,鳴人,大蛇丸,宇智波佐助,小櫻,C
75,哪一種尾獸是八尾？,牛頭馬面,魚,龍,章魚,D
76,哪位角色使用“木遁”忍術？,千手柱間,宇智波斑,自來也,佐井,A
77,誰是三代火影的徒弟之一？,綱手,鳴人,佐助,鹿丸,A
78,哪位角色擁有“風遁·螺旋手裏劍”這項招式？,佐助,鳴人,我愛羅,佐井,B
79,在《火影忍者》中，誰最早使用了“封印術”來封印九尾？,四代火影,二代火影,初代火影,三代火影,A
80,誰是卡卡西的最好朋友，並且最終成為敵人？,佐助,宇智波帶土,宇智波鼬,鬼鮫,B
81,哪位角色使用“冰遁”作為攻擊技能？,鬼燈水月,白,迪達拉,靜音,B
82,哪個角色的武器是“斬首大刀”？,佐助,鬼鮫,佐井,桃地再不斬,D
83,在《火影忍者》中，誰擁有“飛雷神之術”？,鳴人,波風湊,自來也,卡卡西,B
84,誰是鳴人的導師之一，幫助他掌握九尾的力量？,大蛇丸,綱手,自來也,卡卡西,C
85,哪位角色的特徵是眼睛總是閉著，但戰鬥時會睜開？,鬼鮫,牙,日向寧次,李洛克,C
86,哪位角色曾是“月亮的眼睛計劃”的執行者？,宇智波斑,自來也,長門,宇智波帶土,D
87,誰在第四次忍界大戰中與鳴人和佐助聯手對抗大筒木輝夜？,小櫻,卡卡西,邁特凱,我愛羅,A
88,在《火影忍者》中，哪一種動物是大蛇丸的召喚獸？,蛇,鳥,狼,老虎,A
89,誰是第五代火影？,綱手,波風湊,大蛇丸,自來也,A
90,哪位角色使用“鴉”作為戰鬥中的主要工具？,佐助,迪達拉,宇智波鼬,佐井,C
91,誰是宇智波斑的主要對手，在戰爭時期與他展開激烈戰鬥？,千手扉間,波風湊,千手柱間,自來也,C
92,哪一個組織主要由女性忍者組成，並由照美冥領導？,曉,根,蛇,水影護衛隊,D
93,哪位忍者以使用水遁忍術著稱？,干柿鬼鮫,我愛羅,自來也,卡卡西,A
94,在《火影忍者》中，誰擁有“萬象天引”和“神羅天征”這兩種能力？,宇智波斑,佩恩,佐助,大筒木輝夜,B
95,誰是宇智波一族的創始人？,宇智波斑,宇智波帶土,宇智波鼬,宇智波富岳,A
96,鳴人與九尾的首次合作戰鬥是對抗誰？,佩恩,大蛇丸,我愛羅,斑,A
97,在第四次忍界大戰中，誰掌握了“夜凱”這一禁術？,邁特凱,佐助,卡卡西,宇智波斑,A
98,哪個村莊的忍者以“白眼”為家族血繼限界？,霧隱村,砂隱村,雲隱村,木葉村,D
99,哪位忍者以使用毒霧攻擊敵人著稱？,赤砂之蠍,照美冥,勘九郎,靜音,B
100,在第四次忍界大戰中，宇智波斑被誰背叛？,佐助,宇智波帶土,黑絕,大蛇丸,C
101,哪位忍者掌握了“永恆萬花筒寫輪眼”？,鳴人,宇智波斑,佐助,宇智波鼬,C
102,哪位忍者在戰鬥中使用爆炸性粘土作為武器？,佐井,迪達拉,佐助,鬼鮫,B
103,誰是第六代火影？,鳴人,卡卡西,綱手,自來也,B
104,在第四次忍界大戰中，哪位角色為了保護鳴人而開啟了第八門“死門”？,卡卡西,邁特凱,佐助,我愛羅,B
105,哪位角色擁有“重吾的詛咒印”？,鳴人,佐助,香燐,自來也,B
106,誰在大蛇丸的實驗中獲得了“咒印”能力？,鳴人,佐助,靜音,大和,B
107,在第四次忍界大戰中，哪位角色首次發現了宇智波斑的陰謀？,鳴人,卡卡西,宇智波鼬,大蛇丸,C
108,哪位忍者擁有控制砂的能力？,大蛇丸,我愛羅,鬼鮫,迪達拉,B
109,誰是第一代火影？,千手柱間,千手扉間,宇智波斑,初代水影,A
110,誰是宇智波斑的兄弟？,宇智波帶土,宇智波佐助,宇智波泉奈,宇智波鼬,C
111,哪個組織的成員通常穿著黑底紅雲的制服？,曉,根,蛇,鷹,A
112,誰是第四代火影的學生之一？,鳴人,佐助,大和,卡卡西,D
113,哪位角色能夠使用“蛞蝓”作為召喚獸？,大蛇丸,自來也,綱手,鳴人,C
114,在第四次忍界大戰中，哪位角色使用了“大地爆天星”？,佩恩,宇智波斑,宇智波帶土,佐助,B
115,哪個尾獸擁有六條尾巴？,一尾,六尾,八尾,九尾,B
116,哪位角色使用過“轉生眼”？,鳴人,佐助,羽村,自來也,C
117,哪個角色的能力包括使用“紙”作為武器？,小南,佐井,鬼鮫,佐助,A
118,誰是“根”組織的領導者？,卡卡西,大和,猿飛日斬,団藏,D
119,哪位角色最終成為了第七代火影？,卡卡西,鳴人,佐助,綱手,B
120,在《火影忍者》中，哪個忍者擁有“八門遁甲”？,鳴人,佐助,邁特凱,小李,C
121,哪位角色在戰鬥中最常使用傀儡？,小櫻,鹿丸,勘九郎,靜音,C
122,誰是第三代火影的孫女？,小櫻,靜音,井野,猿飛未來,D
123,誰是佐助的隊友，並且擁有強大的查克拉感知能力？,大蛇丸,香燐,鬼燈水月,重吾,B
124,哪位角色的父親曾經也是火影候選人？,我愛羅,鹿丸,寧次,波風湊,A
125,誰曾經擁有過“三尾”尾獸？,我愛羅,鬼鮫,矢倉,長門,C
126,在《火影忍者》中，哪位角色的體術最為出色？,卡卡西,佐助,邁特凱,自來也,C
127,哪位角色使用“鷹”作為召喚獸？,佐助,鳴人,自來也,我愛羅,A
128,誰曾經是鳴人和佐助的隊友？,小櫻,香燐,靜音,鹿丸,A
129,誰是“曉”組織中唯一的女性成員？,小櫻,香燐,小南,井野,C
130,哪位忍者曾是雲隱村的忍者？,干柿鬼鮫,我愛羅,奇拉比,佐助,C
131,誰是木葉村的第三代火影？,自來也,千手柱間,猿飛日斬,波風湊,C
132,哪個角色以使用“紙遁”忍術著名？,小櫻,香燐,小南,靜音,C
133,哪位角色擁有“黑棒”作為武器？,佩恩,佐助,自來也,鳴人,A
134,在《火影忍者》中，誰是“天才忍者”宇智波鼬的弟弟？,鳴人,佐助,小櫻,靜音,B
135,哪位角色擁有“風遁·螺旋手裏劍”這項招式？,鳴人,佐助,我愛羅,鹿丸,A
136,誰是“曉”組織的傀儡師？,角都,飛段,赤砂之蠍,迪達拉,C
137,誰是大蛇丸的得意弟子之一？,鳴人,佐助,靜音,綱手,B
138,哪個角色擁有“屍骨脈”這種血繼限界？,鬼鮫,鳴人,君麻呂,佐井,C
139,誰是“曉”組織中使用“永恆萬花筒寫輪眼”的成員？,長門,宇智波帶土,宇智波斑,宇智波鼬,B
140,誰曾經是木葉村的根組織成員之一？,鹿丸,靜音,山中井野,大和,D
141,哪位角色能夠使用“暗部”級別的忍術？,卡卡西,鳴人,佐助,我愛羅,A
142,在《火影忍者》中，哪個組織是為了捕獲尾獸而成立的？,曉,根,鷹,雲隱村,A
143,誰是第四次忍界大戰中的“銀色閃光”？,自來也,卡卡西,大和,水木,B
144,哪位角色能夠使用“沙暴送葬”這項忍術？,鳴人,我愛羅,佐助,迪達拉,B
145,誰在第四次忍界大戰中使用了“再生之術”來救治戰士？,靜音,綱手,小櫻,自來也,C
146,誰在第四次忍界大戰中使用了“雷切”攻擊敵人？,鳴人,卡卡西,佐助,自來也,B
147,誰是第二代火影？,千手柱間,千手扉間,宇智波斑,猿飛日斬,B
148,哪位角色曾經使用過“飛雷神之術”？,鳴人,波風湊,佐助,自來也,B
149,誰是大蛇丸手下的四人之一，擅長使用咒印的力量？,香燐,佐助,君麻呂,左近,C
150,哪個角色曾經是音忍四人眾的領導者？,左近,君麻呂,多由也,鬼童丸,B
151,在《火影忍者》中，誰是第六代水影？,長十郎,照美冥,大蛇丸,干柿鬼鮫,A
152,哪位角色擁有操控影子的能力？,鳴人,鹿丸,我愛羅,佐助,B
153,誰是日向寧次的堂妹？,日向雛田,靜音,井野,小櫻,A
154,哪位角色的招式名為“螺旋丸”？,鳴人,佐助,自來也,小櫻,A
155,誰是第一代水影？,千手柱間,初代水影·白蓮,波風湊,千手扉間,B
156,哪位角色能夠操縱木遁？,千手柱間,鳴人,我愛羅,大和,A
157,誰是九尾的最終封印者？,波風湊,鳴人,綱手,自來也,B
158,哪位角色能夠使用“水遁·水龍彈之術”？,卡卡西,干柿鬼鮫,佐助,鳴人,B
159,誰是“曉”組織的創始人之一？,宇智波帶土,宇智波鼬,長門,迪達拉,C
160,哪位忍者使用“金剛封鎖”作為防禦性術式？,綱手,靜音,四代目火影·波風湊,卡卡西,C
161,誰是宇智波斑的得力助手？,宇智波鼬,宇智波帶土,迪達拉,黑絕,D
162,在第四次忍界大戰中，哪位角色曾短暫控制了十尾？,宇智波斑,宇智波帶土,佐助,鳴人,B
163,哪位忍者擁有“雷遁·麒麟”這項強大技能？,鳴人,卡卡西,佐助,我愛羅,C
164,誰是砂隱村的五代風影？,我愛羅,鳴人,千代,勘九郎,A
165,在第四次忍界大戰中，誰是聯合忍者大軍的總司令？,千手柱間,我愛羅,第四代雷影,綱手,C
166,哪位忍者能夠召喚通靈獸“萬蛇”？,鳴人,大蛇丸,佐助,自來也,B
167,誰在第四次忍界大戰中，與卡卡西一起對抗了宇智波斑？,鳴人,佐助,自來也,邁特凱,D
168,哪位角色的父親是木葉村的忍者英雄？,我愛羅,佐助,鳴人,靜音,C
169,誰曾在戰鬥中使用“八尾”尾獸的力量？,鳴人,奇拉比,干柿鬼鮫,我愛羅,B
170,誰是“曉”組織中與蝎搭檔的成員？,飛段,迪達拉,角都,宇智波鼬,B
171,誰曾經與鳴人爭奪成為火影的資格？,佐助,鹿丸,我愛羅,寧次,A
172,哪位角色在戰鬥中最常使用“咒印”？,大蛇丸,佐助,君麻呂,香燐,B
173,在第四次忍界大戰中，誰成為了“尾獸之王”？,鳴人,佐助,宇智波帶土,宇智波斑,D
174,誰是第四代火影的妻子？,綱手,靜音,漩渦玖辛奈,日向雛田,C
175,哪位忍者擁有操控“白眼”的能力？,佐助,日向寧次,鳴人,井野,B
176,誰在“中忍考試”中與佐助對戰？,鳴人,我愛羅,勘九郎,鹿丸,B
177,誰是宇智波斑的宿敵？,千手柱間,千手扉間,自來也,綱手,A
178,在第四次忍界大戰中，哪位角色曾經被封印在月亮中？,鳴人,佐助,大筒木輝夜,宇智波帶土,C
179,誰是木葉村的“根”組織創立者？,波風湊,猿飛日斬,団藏,自來也,C
180,誰是木葉村的第五代火影？,鳴人,卡卡西,綱手,自來也,C
181,誰曾經被鳴人救出過“無限月讀”？,日向雛田,佐助,我愛羅,小櫻,A
182,誰擁有“天照”的能力？,鳴人,佐助,自來也,宇智波鼬,D
183,誰在鳴人小時候成為了他的導師？,卡卡西,伊魯卡,自來也,綱手,B
184,哪位角色擅長使用傀儡術？,勘九郎,鳴人,我愛羅,鹿丸,A
185,誰是鳴人最好的朋友和競爭對手？,佐助,小櫻,鹿丸,井野,A
186,在第四次忍界大戰中，誰成為了“六道仙人”的繼承者？,鳴人,佐助,我愛羅,卡卡西,A
187,誰是第四代雷影？,奇拉比,三船,良牙,良人,D
188,哪位忍者擁有操控沙子的能力？,佐助,我愛羅,鳴人,小櫻,B
189,誰在第四次忍界大戰中成為了“人柱力”的宿主？,鳴人,奇拉比,我愛羅,佐助,A
190,哪位角色能夠使用“地爆天星”這項忍術？,佩恩,綱手,小櫻,佐助,A
191,哪位忍者擅長使用“千鳥”這項技術？,鳴人,佐助,卡卡西,自來也,C
192,誰是鳴人的母親？,綱手,漩渦玖辛奈,小櫻,日向雛田,B
193,哪位角色曾經是木葉村的“暗部”隊員？,佐助,大和,鳴人,綱手,B
194,哪個角色能夠使用“漩渦遁”？,佐助,鳴人,綱手,自來也,B
195,誰是第一代火影？,千手柱間,千手扉間,猿飛日斬,宇智波斑,A
196,誰在故事中最初使用“千手”技術？,千手柱間,千手扉間,自來也,綱手,A
197,哪位角色是自來也的學生？,佐助,小櫻,鳴人,井野,C
198,誰是曾經的五代風影？,鳴人,佐助,我愛羅,卡卡西,C
199,哪位角色擁有“體術”專精？,自來也,佐助,邁特凱,佐井,C
200,哪位忍者使用“井野”作為血繼限界？,井野,小櫻,鹿丸,綱手,A
201,誰是木葉村的“根”組織的創始者？,団藏,千手柱間,佐助,卡卡西,A
202,誰曾經是自來也的徒弟？,佐助,鳴人,小櫻,奇拉比,B
203,誰的能力包括使用“木遁”？,千手柱間,大蛇丸,佐助,鳴人,A
204,哪位角色擁有“永久寫輪眼”？,宇智波鼬,佐助,宇智波斑,自來也,C
205,誰是木葉村的第四代火影？,千手柱間,綱手,波風湊,卡卡西,C
206,誰是音忍四人眾的領導者？,大蛇丸,君麻呂,鬼童丸,香燐,A
207,誰是自來也的搭檔？,佐助,鳴人,綱手,小櫻,C
208,哪位角色的能力包括操控“沙子”？,我愛羅,鳴人,佐助,卡卡西,A
209,誰的父親是木葉村的“忍者英雄”？,佐助,鳴人,我愛羅,小櫻,B
210,哪位角色曾經使用“寫輪眼”來操控他人？,宇智波鼬,佐助,自來也,佩恩,A
211,誰是木葉村的第七班的成員之一？,鳴人,佐助,小櫻,以上皆是,D
212,哪位忍者能夠使用“雷遁·雷切”？,佐助,鳴人,卡卡西,大蛇丸,C
213,誰是木葉村的第三代火影？,千手柱間,猿飛日斬,自來也,綱手,B
214,誰是風影的父親？,我愛羅,干柿鬼鮫,綱手,大蛇丸,A
215,哪位忍者使用“火遁·火龍彈”？,卡卡西,自來也,鳴人,佐助,B
216,誰是第五代火影？,綱手,自來也,佐助,鳴人,A
217,哪位角色是“血繼限界”能力的使用者？,大蛇丸,佐助,鳴人,自來也,B
218,誰的“術式”是“十拳劍”？,鳴人,佐助,卡卡西,大蛇丸,B
219,哪位角色使用“水遁·水龍彈”來進行戰鬥？,鳴人,佐助,自來也,干柿鬼鮫,D
220,誰在“忍界大戰”中使用“神威”？,佐助,佩恩,宇智波帶土,自來也,C
221,哪位角色曾經是木葉村的“暗部”成員？,佐助,佩恩,大和,井野,C
222,誰是木葉村的第二代火影？,千手柱間,千手扉間,自來也,卡卡西,B
223,哪位忍者擅長使用“螺旋手裡劍”？,鳴人,佐助,自來也,小櫻,A
224,誰是“大蛇丸”的主要對手？,自來也,綱手,佐助,鳴人,A
225,誰是第四次忍界大戰中的“最強”忍者？,鳴人,佐助,宇智波斑,佩恩,C
226,哪位角色擁有“砂遁”？,鳴人,佐助,我愛羅,卡卡西,C
227,哪位角色曾經使用“天照”？,自來也,佐助,宇智波鼬,綱手,C
228,誰是鳴人的老師之一？,卡卡西,佐助,大蛇丸,佩恩,A
229,誰是木葉村的“根”組織的領導者？,千手柱間,団藏,自來也,佩恩,B
230,誰的能力包括使用“鬼神”？,佐助,自來也,佩恩,大蛇丸,C
231,哪位角色擁有“影分身”技術？,佐助,鳴人,大蛇丸,佩恩,B
232,誰在“中忍考試”中與鳴人進行過比賽？,佐助,小櫻,綱手,君麻呂,A
233,哪位角色曾經是木葉村的“暗部”隊員？,佐助,鳴人,大和,佩恩,C
234,哪位角色使用“空氣阻擋”技術？,大蛇丸,自來也,佩恩,卡卡西,C
235,誰是“木葉村”的第六代火影？,佐助,鳴人,綱手,卡卡西,D
236,誰在故事中曾經是木葉村的火影？,千手柱間,佐助,鳴人,大蛇丸,A
237,哪位角色擁有“漩渦”血統？,鳴人,佐助,自來也,綱手,A
238,誰曾經是木葉村的第四代火影？,自來也,綱手,波風湊,大蛇丸,C
239,哪位角色能夠使用“天照”？,鳴人,佐助,自來也,宇智波鼬,D
240,哪位角色在第四次忍界大戰中與鳴人合作？,佐助,自來也,綱手,大蛇丸,A
241,誰是木葉村的第三代火影？,千手柱間,猿飛日斬,佐助,鳴人,B
242,誰是“木葉村”的第五代火影？,鳴人,自來也,綱手,卡卡西,C
243,哪位角色曾經使用“雷遁·雷切”？,佐助,卡卡西,鳴人,自來也,B
244,誰是木葉村的第五代火影？,綱手,自來也,佐助,鳴人,A
245,哪位忍者的能力包括使用“幻術”？,佐助,鳴人,自來也,宇智波鼬,D
246,誰在故事中最初使用了“輪回眼”？,宇智波斑,佩恩,佐助,鳴人,A
247,哪位忍者擅長使用“水遁”技術？,佐助,自來也,干柿鬼鮫,卡卡西,C
248,誰在第四次忍界大戰中變成了“九尾”？,鳴人,佐助,自來也,奇拉比,A
249,誰是木葉村的第三代火影？,千手柱間,猿飛日斬,佐助,卡卡西,B
250,誰是佐助的哥哥？,佐井,宇智波鼬,宇智波斑,大蛇丸,B
251,哪位忍者使用了“螺旋丸”技術？,鳴人,佐助,小櫻,卡卡西,A
252,誰是木葉村的第四代火影？,波風湊,猿飛日斬,千手柱間,佐助,A
253,誰在故事中最早學會了“火遁·豪火球之術”？,鳴人,佐助,自來也,卡卡西,D
254,哪位角色的血繼限界是“白眼”？,佐助,日向寧次,鳴人,自來也,B
255,誰擅長使用“風遁·螺旋手裡劍”？,鳴人,佐助,自來也,綱手,A
256,誰是“大蛇丸”的主要對手之一？,自來也,佐助,鳴人,卡卡西,A
257,誰在故事中使用了“須佐能乎”？,鳴人,佐助,自來也,大蛇丸,B
258,哪位角色曾經使用了“地爆天星”？,佩恩,宇智波斑,佐助,鳴人,A
259,誰是第四代雷影？,奇拉比,良人,大和,卡卡西,B
260,哪位角色在“音忍四人眾”中擔任主要成員？,香燐,佐助,自來也,綱手,A
261,誰擅長使用“木遁”？,千手柱間,佩恩,大蛇丸,卡卡西,A
262,哪位角色是“砂忍”中的第五代風影？,鳴人,佐助,我愛羅,綱手,C
263,誰是木葉村的“忍者村”創立者之一？,千手柱間,千手扉間,佐助,卡卡西,A
264,誰的能力包括使用“木遁·真空”？,鳴人,佐助,千手柱間,自來也,C
265,誰在故事中使用了“輪回眼”？,佩恩,佐助,鳴人,自來也,A
266,誰是木葉村的第六代火影？,卡卡西,佐助,綱手,鳴人,A
267,哪位角色的能力包括使用“天照”？,佩恩,宇智波鼬,佐助,鳴人,B
268,誰在第四次忍界大戰中成為了“九尾”的宿主？,鳴人,奇拉比,自來也,佐助,A
269,誰的能力包括使用“幻術”？,佐助,自來也,鳴人,宇智波鼬,D
270,誰的能力包括使用“水遁·水龍彈”？,自來也,卡卡西,干柿鬼鮫,佩恩,C
271,哪位角色曾經是“木葉村”的第三代火影？,千手柱間,猿飛日斬,綱手,卡卡西,B
272,誰在“忍界大戰”中使用了“神威”？,佐助,佩恩,宇智波帶土,自來也,C
273,哪位角色的能力是“千手”？,千手柱間,千手扉間,佩恩,鳴人,A
274,誰的能力包括使用“雷遁·雷切”？,佐助,鳴人,自來也,卡卡西,D
275,誰在故事中被稱為“忍者村的英雄”？,鳴人,佐助,大蛇丸,綱手,A
276,哪位角色擁有“白眼”？,井野,日向寧次,佐井,綱手,B
277,誰是木葉村的第五代火影？,自來也,佐助,綱手,卡卡西,C
278,誰曾經是“砂忍”的領導者？,我愛羅,佐助,大蛇丸,卡卡西,A
279,誰的能力包括使用“雷遁·雷切”？,鳴人,佐助,奇拉比,卡卡西,D
280,哪位角色是“木葉村”的第二代火影？,千手柱間,千手扉間,鳴人,佩恩,B
281,誰擅長使用“血繼限界”技術？,佐助,鳴人,自來也,井野,A
282,誰的能力包括使用“砂遁”？,鳴人,佐助,我愛羅,卡卡西,C
283,哪位角色擁有“輪回眼”？,佩恩,佐助,鳴人,自來也,A
284,誰是木葉村的“根”組織的創始者？,団藏,千手柱間,佐助,鳴人,A
285,誰是木葉村的第七班的導師？,佐助,卡卡西,大蛇丸,綱手,B
286,哪位角色的能力包括使用“陰陽遁”？,自來也,佐助,佩恩,宇智波斑,D
287,誰曾經是木葉村的忍者醫療隊隊長？,自來也,綱手,鳴人,佐助,B
288,誰的能力包括使用“千鳥”？,卡卡西,佐助,鳴人,自來也,A
289,哪位角色擁有“風遁”血繼限界？,佐助,我愛羅,自來也,鳴人,B
290,誰在故事中曾經使用“天照”？,宇智波鼬,佐助,鳴人,自來也,A
291,誰曾經是木葉村的第六代火影？,卡卡西,綱手,佐助,鳴人,A
292,哪位角色能夠使用“螺旋手裡劍”？,鳴人,佐助,自來也,井野,A
293,誰在故事中擔任“砂忍”的領導者？,佐助,鳴人,我愛羅,綱手,C
294,哪位角色的能力包括使用“寫輪眼”？,宇智波鼬,佐助,自來也,綱手,A
295,誰在故事中曾經是木葉村的“暗部”隊員？,佩恩,大和,佐助,鳴人,B
296,誰的能力包括使用“木遁·木龍”？,自來也,千手柱間,佐助,大蛇丸,B
297,誰是木葉村的第三代火影？,千手柱間,猿飛日斬,佐助,卡卡西,B
298,哪位角色的能力包括使用“天照”？,鳴人,佐助,宇智波鼬,自來也,C
299,誰在故事中曾經使用“地爆天星”？,佩恩,佐助,自來也,鳴人,A
300,誰擅長使用“火遁·火龍彈”？,佐助,自來也,卡卡西,干柿鬼鮫,B
301,哪位角色擁有“雷遁·雷切”能力？,奇拉比,佐助,鳴人,卡卡西,D
302,誰的血繼限界是“地爆天星”？,佩恩,大蛇丸,佐助,鳴人,A
303,哪位角色是“木葉村”的第四代火影？,自來也,波風湊,佐助,佩恩,B
304,誰的能力包括使用“木遁·木龍”？,千手柱間,卡卡西,佐助,自來也,A
305,誰曾經是“音忍四人眾”的成員之一？,香燐,佐助,自來也,佩恩,A
306,哪位角色擁有“白眼”？,井野,佐井,日向寧次,自來也,C
307,誰曾經使用“水遁·水龍彈”？,自來也,干柿鬼鮫,鳴人,佩恩,B
308,哪位角色的能力包括使用“天照”？,佩恩,自來也,宇智波鼬,佐助,C
309,誰在第四次忍界大戰中是“九尾”的宿主？,佐助,自來也,鳴人,奇拉比,C
310,誰是“木葉村”的第七班的成員之一？,綱手,佐助,鳴人,卡卡西,B
311,哪位角色的能力是“砂遁”？,鳴人,佐助,我愛羅,自來也,C
312,誰在故事中曾經使用“雷遁·雷切”？,佐助,鳴人,奇拉比,卡卡西,D
313,哪位角色擅長使用“螺旋手裡劍”？,鳴人,佐助,自來也,綱手,A
314,誰是木葉村的第六代火影？,綱手,佐助,自來也,卡卡西,D
315,哪位角色擁有“輪回眼”？,佩恩,佐助,鳴人,自來也,A
316,誰的能力包括使用“風遁·螺旋手裡劍”？,鳴人,佐助,自來也,綱手,A
317,誰在故事中擔任木葉村的火影？,佐助,自來也,綱手,鳴人,D
318,哪位角色的能力包括使用“千鳥”？,卡卡西,佐助,鳴人,自來也,A
319,誰是木葉村的第三代火影？,千手柱間,猿飛日斬,佐助,卡卡西,B
320,哪位角色擁有“天照”能力？,佩恩,佐助,自來也,宇智波鼬,D
321,誰曾經是“音忍”的主要成員？,香燐,佐助,自來也,鳴人,A
322,誰的能力包括使用“木遁”？,千手柱間,佩恩,佐助,自來也,A
323,哪位角色曾經是“根”組織的領導者？,団藏,佐助,鳴人,佩恩,A
324,誰在故事中擔任木葉村的第七班導師？,佐助,卡卡西,大蛇丸,綱手,B
325,哪位角色擁有“血繼限界”能力？,佐助,鳴人,自來也,井野,A
326,誰在第四次忍界大戰中成為了“九尾”的宿主？,鳴人,佐助,奇拉比,自來也,A
327,哪位角色擁有“寫輪眼”？,宇智波鼬,佐助,鳴人,自來也,A
328,誰的能力包括使用“砂遁”？,鳴人,佐助,我愛羅,卡卡西,C
329,誰在故事中最初使用了“輪回眼”？,佩恩,宇智波斑,佐助,鳴人,B
330,誰的能力包括使用“影分身”？,鳴人,佐助,大蛇丸,自來也,A
331,誰是木葉村的第六代火影？,綱手,佐助,卡卡西,鳴人,C
332,哪位角色曾經是“音忍四人眾”的成員之一？,香燐,大蛇丸,佐助,自來也,A
333,誰的能力包括使用“千手”？,千手柱間,佐助,鳴人,佩恩,A
334,哪位角色的能力是“血繼限界”？,佐助,鳴人,自來也,井野,A
335,誰在故事中使用了“火遁·豪火球之術”？,佐助,鳴人,自來也,卡卡西,D
336,哪位角色擅長使用“木遁”技術？,自來也,佐助,千手柱間,大蛇丸,C
337,誰在第四次忍界大戰中成為了“九尾”的宿主？,鳴人,佐助,自來也,奇拉比,A
338,誰的能力包括使用“雷遁·雷切”？,奇拉比,卡卡西,鳴人,佩恩,B
339,哪位角色的能力是“千鳥”？,鳴人,佐助,卡卡西,自來也,C
340,誰是木葉村的第三代火影？,千手柱間,猿飛日斬,佐助,卡卡西,B
341,哪位角色的能力包括使用“砂遁”？,佐助,鳴人,我愛羅,自來也,C
342,誰的能力包括使用“火遁·火龍彈”？,佐助,鳴人,自來也,卡卡西,C
343,誰在故事中擔任“砂忍”的領導者？,我愛羅,佐助,鳴人,大蛇丸,A
344,哪位角色擁有“輪回眼”？,鳴人,佐助,佩恩,自來也,C
345,誰的能力包括使用“千鳥”？,佐助,卡卡西,鳴人,自來也,B
346,哪位角色在故事中最早使用了“輪回眼”？,佩恩,宇智波斑,佐助,鳴人,B
347,誰是木葉村的第四代火影？,波風湊,猿飛日斬,千手柱間,綱手,A
348,誰的能力包括使用“木遁·木龍”？,鳴人,佐助,千手柱間,卡卡西,C
349,哪位角色在故事中使用了“天照”？,佩恩,自來也,宇智波鼬,佐助,C
350,誰在第四次忍界大戰中變成了“九尾”的宿主？,佐助,鳴人,奇拉比,大蛇丸,B
351,哪位角色擁有“寫輪眼”？,鳴人,佐助,宇智波鼬,自來也,C
352,誰在故事中使用了“砂遁·沙瀑”？,我愛羅,佐助,鳴人,卡卡西,A
353,哪位角色的能力包括使用“地爆天星”？,佩恩,自來也,佐助,鳴人,A
354,誰在故事中擔任木葉村的第七班導師？,佐助,鳴人,卡卡西,綱手,C
355,誰在故事中使用了“陰陽遁”？,佩恩,自來也,佐助,宇智波斑,D
356,哪位角色的能力是“水遁·水龍彈”？,自來也,鳴人,卡卡西,干柿鬼鮫,D
357,誰在第四次忍界大戰中與鳴人合作？,佐助,綱手,自來也,大蛇丸,A
358,誰在故事中曾經是木葉村的“暗部”隊員？,佩恩,大和,佐助,鳴人,B
359,哪位角色擁有“風遁·螺旋手裡劍”能力？,佐助,卡卡西,自來也,鳴人,D
360,誰是“木葉村”的第一代火影？,千手柱間,猿飛日斬,綱手,佐助,A
361,誰的能力包括使用“雷遁·雷切”？,佐助,鳴人,奇拉比,卡卡西,D
362,誰在故事中曾經使用“天照”？,宇智波鼬,佐助,鳴人,自來也,A
363,哪位角色的能力是“血繼限界”？,佐助,鳴人,自來也,井野,A
364,誰在故事中擔任木葉村的第五代火影？,綱手,佐助,卡卡西,自來也,A
365,哪位角色的能力包括使用“砂遁”？,自來也,鳴人,我愛羅,卡卡西,C
366,誰在第四次忍界大戰中使用了“九尾”的力量？,鳴人,佐助,奇拉比,佩恩,A
367,誰曾經是“音忍四人眾”的成員之一？,香燐,佐助,自來也,鳴人,A
368,哪位角色擁有“白眼”？,日向寧次,佐井,井野,鳴人,A
369,誰在故事中使用了“千手”能力？,千手柱間,佐助,卡卡西,鳴人,A
370,誰在故事中曾經使用“地爆天星”？,佩恩,佐助,自來也,鳴人,A
371,哪位角色的能力是“木遁”？,佐助,卡卡西,千手柱間,大蛇丸,C
372,誰曾經是木葉村的“根”組織的創始者？,団藏,自來也,佐助,佩恩,A
373,哪位角色的能力包括使用“陰陽遁”？,佩恩,自來也,宇智波斑,佐助,C
374,誰在第四次忍界大戰中擔任“九尾”的宿主？,鳴人,佐助,奇拉比,自來也,A
375,哪位角色擁有“寫輪眼”？,宇智波鼬,佐助,鳴人,自來也,A
376,誰的能力包括使用“螺旋手裡劍”？,鳴人,佐助,自來也,大蛇丸,A
377,哪位角色的能力包括使用“火遁·火龍彈”？,佐助,自來也,鳴人,卡卡西,B
378,誰是木葉村的第七班的導師？,佐助,大蛇丸,卡卡西,綱手,C
379,誰在故事中使用了“砂遁·沙瀑”？,我愛羅,佐助,鳴人,卡卡西,A
380,哪位角色擁有“風遁·螺旋手裡劍”能力？,佐助,自來也,卡卡西,鳴人,D
381,誰在故事中曾經使用“雷遁·雷切”？,卡卡西,佐助,鳴人,奇拉比,A
382,哪位角色的能力是“千鳥”？,鳴人,佐助,自來也,卡卡西,D
383,誰在故事中曾經使用了“木遁”？,千手柱間,佐助,鳴人,自來也,A
384,誰的能力包括使用“陰陽遁”？,佩恩,宇智波斑,佐助,鳴人,B
385,哪位角色在故事中最早使用了“輪回眼”？,宇智波斑,佩恩,佐助,鳴人,A
386,誰在故事中擔任木葉村的第七班導師？,佐助,鳴人,自來也,卡卡西,D
387,哪位角色的能力包括使用“千手”？,鳴人,佐助,卡卡西,千手柱間,D
388,誰在故事中使用了“雷遁·雷切”？,佐助,奇拉比,鳴人,卡卡西,D
389,誰是木葉村的第四代火影？,波風湊,綱手,千手柱間,自來也,A
390,誰是木葉村的第三代火影？,猿飛日斬,千手柱間,佐助,自來也,A
391,哪位角色擅長使用“寫輪眼”？,宇智波鼬,卡卡西,佐助,自來也,A
392,誰曾經使用“千鳥”？,佐助,鳴人,奇拉比,卡卡西,D
393,哪位角色的能力是“木遁·木龍”？,佐助,千手柱間,自來也,卡卡西,B
394,誰在故事中最早使用了“地爆天星”？,佩恩,自來也,佐助,大蛇丸,A
395,誰擁有“血繼限界”？,佐助,鳴人,自來也,井野,A
396,誰在第四次忍界大戰中使用了“九尾”力量？,佐助,鳴人,奇拉比,佩恩,B
397,誰在故事中使用了“砂遁·沙瀑”？,我愛羅,佐助,鳴人,卡卡西,A
398,誰是木葉村的第七班的成員之一？,佐助,鳴人,卡卡西,自來也,A
399,哪位角色的能力包括使用“天照”？,宇智波鼬,佐助,佩恩,鳴人,A
400,誰在故事中曾經使用“木遁·木龍”？,千手柱間,佐助,鳴人,卡卡西,A
401,哪位角色的能力包括使用“雷遁·雷切”？,佐助,奇拉比,鳴人,卡卡西,D
402,誰是木葉村的第四代火影？,波風湊,綱手,千手柱間,自來也,A
403,哪位角色擅長使用“砂遁”？,鳴人,佐助,我愛羅,自來也,C
404,誰曾經使用過“火遁·火龍彈”？,鳴人,佐助,自來也,卡卡西,C
405,哪位角色擁有“白眼”？,日向寧次,鳴人,井野,佐助,A
406,誰在第四次忍界大戰中與鳴人合作？,佐助,綱手,自來也,大蛇丸,A
407,誰在故事中擔任木葉村的第七班導師？,佐助,自來也,大蛇丸,卡卡西,D
408,哪位角色的能力包括使用“血繼限界”？,佐助,鳴人,自來也,井野,A
409,誰在故事中曾經使用過“陰陽遁”？,佩恩,宇智波斑,佐助,鳴人,B
410,誰在故事中擔任木葉村的第五代火影？,綱手,佐助,自來也,卡卡西,A
411,誰的能力包括使用“木遁·木龍”？,千手柱間,佐助,鳴人,自來也,A
412,哪位角色的能力是“千鳥”？,卡卡西,佐助,鳴人,自來也,A
413,誰在第四次忍界大戰中變成了“九尾”的宿主？,佐助,鳴人,奇拉比,自來也,B
414,哪位角色擁有“輪回眼”？,佩恩,宇智波斑,佐助,鳴人,A
415,誰在故事中曾經使用過“雷遁·雷切”？,佐助,奇拉比,鳴人,卡卡西,D
416,誰擁有“寫輪眼”？,宇智波鼬,佐助,鳴人,自來也,A
417,哪位角色在故事中最早使用了“輪回眼”？,佩恩,宇智波斑,佐助,鳴人,B
418,誰的能力包括使用“砂遁·沙瀑”？,我愛羅,佐助,鳴人,卡卡西,A
419,誰在故事中擔任木葉村的第七班導師？,佐助,大蛇丸,鳴人,卡卡西,D
420,誰是宇智波斑的最初夥伴？,鳴人,佐助,千手柱間,大蛇丸,C
421,什麼技術能夠讓使用者短時間內快速修復任何傷口？,極度再生,瞬身術,自癒能力,秘術·靈氣再生,A
422,哪位角色擁有“無限月讀”能力？,宇智波鼬,宇智波斑,佩恩,鳴人,B
423,“八門遁甲”的第八門“死亡之門”是由誰首次使用的？,夕日紅,綱手,李洛克,迈特·凯,D
424,誰能夠使用“冥界剝奪”技術？,佩恩,大蛇丸,佐助,自來也,B
425,佩恩的哪個屬性技術能夠操控“天使”？,地爆天星,天道,修羅道,餓鬼道,B
426,哪位角色在“宇智波家族屠殺”事件中存活下來？,佐助,宇智波鼬,宇智波斑,宇智波紗羅,B
427,哪位角色是木葉村的創始人之一，被稱為“火之意志”的象徵？,千手柱間,波風湊,猿飛日斬,佐助,A
428,“真實化的寫輪眼”是由誰開發的？,宇智波斑,宇智波鼬,佐助,自來也,A
429,哪個角色在“佐助·日向”事件中使出“月讀”？,佩恩,宇智波斑,宇智波鼬,佐助,C
430,誰擁有與“雷遁·雷切”相對應的“雷遁·雷光”？,卡卡西,奇拉比,佐助,自來也,B
431,“終焉之盡”是哪位角色的能力？,佩恩,大蛇丸,宇智波斑,佐助,C
432,哪位角色擁有“氣遁·風遁”的能力？,佐助,鳴人,自來也,卡卡西,B
433,在第四次忍界大戰中，哪位角色的遺體被復活為“六道佩恩”？,佩恩,宇智波斑,大蛇丸,猿飛日斬,A
434,誰在木葉村的歷史上使用了“血繼界限”中的“神羅天征”？,佩恩,大蛇丸,自來也,佐助,A
435,哪位角色在故事中使用了“千年殺”技術？,鳴人,佐助,卡卡西,自來也,A
436,誰的“寫輪眼”能夠預見對方的下一個動作？,宇智波鼬,宇智波斑,佐助,自來也,A
437,哪位角色在“宇智波斑”的影響下覺醒了“輪回眼”？,佐助,鳴人,宇智波斑,佩恩,A
438,“忍者聯盟”是由哪些角色組成的？,木葉村的忍者,沙忍、草忍等村的忍者,鳴人、佐助、自來也等,佐助、佩恩、大蛇丸等,B
439,誰在第四次忍界大戰中使用了“九尾模式”？,鳴人,佐助,奇拉比,佩恩,A
440,哪位角色的“眼睛”擁有三種不同的能力，分別是“天道”、“修羅道”和“餓鬼道”？,佩恩,宇智波斑,佐助,自來也,A
441,宇智波鼬在死亡之前，留下了什麼關於“真正的輪回”給佐助？,一個封印,一個關於如何達成輪回的秘密,一個關於家族的遺產,一本暗殺指南,B
442,什麼技術能夠將“禁術·輪迴天生”施展到目標的內部？,幻術,真實化技術,龍捲風,影分身,B
443,哪位角色能夠使用“八門遁甲”中的所有八個門？,李洛克,迈特·凯,佐助,卡卡西,B
444,哪位角色在故事中有“無限月讀”的能力？,宇智波斑,佩恩,大蛇丸,自來也,A
445,“八卦·空間遷移”是由哪位角色創造的？,日向寧次,佐助,大蛇丸,卡卡西,A
446,在第四次忍界大戰中，哪位角色成為了“六道仙人”？,鳴人,佐助,宇智波斑,佩恩,A
447,誰的“仙人模式”能夠提高忍術的強度並增強五感？,自來也,鳴人,佐助,大蛇丸,A
448,“地爆天星”是由誰的力量進行的？,佩恩,佩恩的天道,宇智波斑,佐助,B
449,哪位角色使用了“神羅天征”技術來抵擋敵人？,佩恩,宇智波鼬,鳴人,佐助,A
450,哪位角色在第四次忍界大戰中復活了“真實的六道仙人”？,佩恩,宇智波斑,佐助,鳴人,B
451,“輪迴眼”能夠從哪些能力中進行選擇？,八卦·空間遷移,天道、修羅道、餓鬼道、地獄道、畜生道,木遁·木龍,風遁·螺旋手裡劍,B
452,誰在故事中首次展示了“龍捲風”的能力？,佐助,鳴人,奇拉比,大蛇丸,C
453,誰在第四次忍界大戰中使用了“九尾”力量的“完整模式”？,鳴人,佐助,奇拉比,佩恩,A
454,哪位角色能夠使用“陰陽遁·屍體轉移”？,大蛇丸,自來也,卡卡西,佐助,A
455,誰在故事中使用了“禁術·輪回天生”？,佩恩,佐助,自來也,大蛇丸,A
456,“白眼”中的“百里視野”能夠探測到什麼？,虛空中的物體,隱藏的敵人,鳴人的行蹤,隱藏的查克拉,B
457,哪位角色能夠使用“幽靈技術”來進行穿透攻擊？,鳴人,自來也,佐助,大蛇丸,D
458,誰在故事中使用了“千手”的所有力量？,千手柱間,佐助,佩恩,鳴人,A
459,“天照”能夠對敵人造成什麼影響？,永久燃燒,影響敵人的精神,創造幻象,轉移查克拉,A
460,誰的能力能夠使用“心臟爆破”來摧毀目標？,佩恩,大蛇丸,自來也,佐助,B
461,“神羅天征”技術的效果是什麼？,強力的吸引力,強力的排斥力,創造幻象,傳送物體,B
462,哪位角色在“木葉村的叛亂”中使用了“流星”技術？,宇智波斑,佩恩,佐助,鳴人,B
463,誰能夠施展“隱秘的影子”技術來控制影子？,卡卡西,佐助,井野,自來也,C
464,在第四次忍界大戰中，哪位角色使用了“九尾”化身的“完全模式”？,鳴人,佩恩,佐助,奇拉比,A
465,哪位角色的能力能夠在短時間內創造出“神羅天征”？,佩恩,自來也,大蛇丸,鳴人,A
466,“六道仙人”的真正身份是誰？,宇智波斑,千手柱間,大蛇丸,佐助,B
467,誰的技術能夠使用“木遁·木龍”？,千手柱間,宇智波鼬,鳴人,自來也,A
468,哪位角色能夠使用“冥界剝奪”來進行靈魂交換？,佩恩,大蛇丸,佐助,井野,B
469,誰的能力包括使用“火遁·火龍彈”？,卡卡西,佐助,鳴人,自來也,A
470,哪位角色擁有“月讀”的能力？,宇智波鼬,佩恩,自來也,鳴人,A
471,誰的技術可以使“九尾”變得更強大？,佩恩,佐助,鳴人,自來也,C
472,誰在故事中能夠使用“仙人模式”來增強力量？,自來也,佩恩,大蛇丸,佐助,A
473,“地爆天星”技術能夠造成什麼效果？,創造幻象,垂直吸引力,強力的地震波,巨大的爆炸,D
474,哪位角色在故事中使用了“雷遁·雷遁波”？,佐助,奇拉比,鳴人,卡卡西,B
475,誰在第四次忍界大戰中展示了“八門遁甲”的第八門？,迈特·凯,佐助,自來也,鳴人,A
476,“月讀”技術能夠使目標進入什麼狀態？,噩夢,短暫昏迷,幻想世界,直接死亡,C
477,哪位角色能夠使用“風遁·螺旋手裡劍”？,鳴人,佐助,自來也,卡卡西,A
478,誰在第四次忍界大戰中將“九尾”力量完全掌握？,鳴人,佐助,奇拉比,佩恩,A
479,哪位角色在故事中擁有“寫輪眼”的最強形態？,宇智波斑,佐助,宇智波鼬,佩恩,A
480,“靈魂束縛”技術的使用者是誰？,大蛇丸,佩恩,卡卡西,自來也,A
481,在故事中，誰能夠使用“水遁·千年殺”？,鳴人,佩恩,大蛇丸,佐助,C
482,“六道仙人”在過去的時代中，創造了哪種技術來對抗十尾？,仙人模式,輪迴眼,八卦封印,陰陽遁,C
483,哪位角色在第四次忍界大戰中被稱為“巨人”？,奇拉比,鳴人,佐助,佩恩,A
484,誰的能力能夠進行“永恆月讀”的施展？,宇智波斑,佩恩,鳴人,佐助,A
485,哪位角色能夠使用“神羅天征”來抵擋大規模攻擊？,佩恩,宇智波斑,自來也,佐助,A
486,“月讀”技術能夠使目標進入什麼狀態？,深度夢境,直接死亡,幻影空間,短暫麻痺,A
487,誰在第四次忍界大戰中使用了“真實化的九尾模式”？,鳴人,佩恩,佐助,自來也,A
488,“禁術·輪回天生”的施展者能夠控制什麼？,生命與死亡,天氣變化,環境變化,物理力量,A
489,哪位角色的能力包括“火遁·火龍彈”？,佐助,鳴人,卡卡西,大蛇丸,C
490,誰的能力能夠進行“魂力轉移”？,大蛇丸,佩恩,自來也,佐助,A
491,“八卦·空間遷移”技術是由誰發明的？,日向寧次,宇智波斑,鳴人,卡卡西,A
492,哪位角色的“寫輪眼”擁有特殊的“神羅天征”能力？,宇智波斑,宇智波鼬,佐助,佩恩,D
493,在故事中，誰能夠使用“冥界剝奪”技術來控制靈魂？,大蛇丸,自來也,佐助,卡卡西,A
494,誰在故事中首次展示了“無限月讀”？,宇智波斑,佩恩,鳴人,佐助,A
495,“禁術·輪回天生”能夠影響哪些方面？,物理世界,精神狀態,靈魂與生命,環境條件,C
496,哪位角色能夠使用“靈魂束縛”來束縛目標？,佩恩,大蛇丸,佐助,鳴人,B
497,“火遁·螺旋手裡劍”是由誰發明的？,佐助,大蛇丸,鳴人,卡卡西,C
498,誰能夠使用“風遁·雷遁”技術來進行強力攻擊？,奇拉比,佐助,自來也,佩恩,A
499,哪位角色擁有“仙人模式”的特殊能力？,自來也,鳴人,大蛇丸,佐助,A
500,哪位角色的“寫輪眼”具有“天照”技術？,宇智波斑,佩恩,宇智波鼬,自來也,C
501,“月讀”技術能夠讓目標進入什麼樣的狀態？,死亡狀態,夢境,短暫昏迷,幻想世界,D
502,哪位角色在“九尾襲擊”事件中使用了“八卦·封印”？,千手柱間,佐助,自來也,佩恩,A
503,“神羅天征”技術的主要效果是什麼？,吸引物體,發射火焰,排斥物體,創造幻象,C
504,在第四次忍界大戰中，誰使用了“九尾模式”的“完全化身”？,鳴人,佩恩,奇拉比,佐助,A
505,哪位角色使用了“地爆天星”來進行大範圍攻擊？,佩恩,大蛇丸,佐助,自來也,A
506,“寫輪眼”中的“永恆輪回”是由誰創造的？,宇智波斑,佩恩,鳴人,佐助,A
507,“八卦·空間遷移”是由哪位角色發明的？,日向寧次,佐助,大蛇丸,自來也,A
508,誰在故事中首次展示了“神羅天征”？,佩恩,佐助,宇智波斑,自來也,A
509,“輪迴眼”技術中的“修羅道”能夠提供什麼功能？,攻擊和防禦,強化身體,支配和控制,創造幻影,A
510,哪位角色能夠使用“雷遁·雷光”技術？,鳴人,奇拉比,佐助,自來也,B
511,誰能夠使用“隱秘的影子”來進行暗殺？,井野,鳴人,佩恩,大蛇丸,A
512,哪位角色在第四次忍界大戰中掌握了“九尾”力量？,佐助,奇拉比,佩恩,鳴人,D
513,“千年殺”技術的創造者是誰？,大蛇丸,佩恩,鳴人,自來也,C
514,誰在故事中使用了“天道”的技術？,佩恩,宇智波斑,佐助,自來也,A
515,“風遁·螺旋手裡劍”的技術創造者是誰？,鳴人,卡卡西,佐助,自來也,A
516,誰的能力包括使用“八門遁甲”來增強戰鬥能力？,迈特·凯,佩恩,佐助,奇拉比,A
517,“輪回眼”的“天道”能夠進行什麼操作？,攻擊和防禦,精神控制,創造幻影,生命控制,A
518,哪位角色的“仙人模式”能夠提高五感和力量？,自來也,鳴人,佐助,大蛇丸,A
519,誰在故事中使用了“神羅天征”來抵擋攻擊？,佩恩,宇智波斑,佐助,自來也,A
520,誰在故事中使用了“仙人模式”中的“增幅體能”？,佐助,自來也,佩恩,大蛇丸,B
521,“無限月讀”是由哪位角色創造的？,宇智波斑,佩恩,自來也,佐助,A
522,哪位角色在第四次忍界大戰中擁有“八卦·空間遷移”技術？,日向寧次,佐助,自來也,鳴人,A
523,誰的“寫輪眼”能力能夠使用“天照”？,宇智波鼬,佩恩,鳴人,自來也,A
524,“輪迴眼”的“修羅道”主要功能是什麼？,攻擊和防禦,控制和強化,支配和創造,影響生命和死亡,A
525,誰的技術包括“地爆天星”的施展？,佩恩,佐助,宇智波斑,自來也,A
526,在故事中，誰能夠使用“九尾模式”的“完全化身”？,奇拉比,佐助,鳴人,佩恩,C
527,哪位角色在“木葉村的叛亂”中使用了“流星”？,佩恩,自來也,佐助,大蛇丸,A
528,“禁術·輪回天生”的主要功能是什麼？,增強查克拉,創造幻影,影響生命與死亡,操控時間,C
529,哪位角色的“輪迴眼”可以進行“千年殺”？,鳴人,佐助,自來也,大蛇丸,D
530,“八門遁甲”的第八門是什麼？,死門,開門,生門,閉門,A
531,誰在故事中使用了“神羅天征”來對抗強大攻擊？,佩恩,宇智波斑,佐助,自來也,A
532,哪位角色的“仙人模式”能夠增強五感？,自來也,鳴人,佐助,大蛇丸,A
533,“靈魂束縛”技術的主要用途是什麼？,攻擊敵人,轉移靈魂,繼承能力,幻想空間,B
534,誰在第四次忍界大戰中使用了“九尾模式”的力量？,鳴人,佩恩,佐助,奇拉比,A
535,“雷遁·雷光”技術的創造者是誰？,佐助,自來也,奇拉比,鳴人,C
536,誰在故事中使用了“無限月讀”來創造虛幻世界？,宇智波斑,佩恩,佐助,大蛇丸,A
537,“八卦·空間遷移”技術的發明者是誰？,日向寧次,鳴人,自來也,佐助,A
538,哪位角色在故事中展示了“仙人模式”中的“增幅體能”？,自來也,鳴人,佐助,大蛇丸,A
539,誰能夠使用“月讀”來進行深度幻想？,宇智波鼬,佩恩,佐助,自來也,A
540,誰是使用“輪迴眼”的“餓鬼道”？,宇智波斑,佩恩,佐助,自來也,B
541,誰的“寫輪眼”擁有“須佐能乎”？,宇智波鼬,宇智波斑,佐助,大蛇丸,C
542,“地爆天星”技術的主要效果是什麼？,創造大爆炸,召喚幻影,強力吸引,強力排斥,A
543,誰的能力能夠使用“閃光彈”？,佐助,奇拉比,自來也,佩恩,B
544,“仙人模式”的主要特徵是什麼？,增強查克拉,提高五感,創造幻影,改變天氣,B
545,哪位角色使用“千手法印”來進行大規模攻擊？,自來也,佐助,鳴人,千手柱間,D
546,誰在故事中創造了“輪迴眼”的“人道”？,佩恩,宇智波斑,佐助,鳴人,A
547,“八門遁甲”技術的第七門是什麼？,開門,死門,生門,閉門,C
548,哪位角色擁有“寫輪眼”的“瞳術·月讀”？,宇智波斑,宇智波鼬,佩恩,佐助,B
549,“雷遁·雷遁波”技術由誰使用？,佐助,奇拉比,鳴人,自來也,B
550,誰使用了“禁術·輪回天生”來影響生命與死亡？,大蛇丸,佩恩,宇智波斑,佐助,B
551,“仙人模式”可以讓角色具備什麼能力？,增強力量和敏捷,創造幻影,強化查克拉,改變時間,A
552,“天照”技術的主要效果是什麼？,火焰攻擊,冰霜攻擊,物理攻擊,精神控制,A
553,誰在第四次忍界大戰中使用了“九尾模式”的“完全化身”？,佐助,鳴人,奇拉比,自來也,B
554,“木遁·木龍”技術由誰使用？,千手柱間,佐助,鳴人,自來也,A
555,“輪回眼”的“天道”能夠進行什麼操作？,控制靈魂,強化攻擊,創造幻影,改變環境,B
556,誰在故事中擁有“仙人模式”中的“增幅查克拉”？,自來也,鳴人,佐助,大蛇丸,B
557,“神羅天征”技術的創造者是誰？,佩恩,宇智波斑,佐助,自來也,A
558,誰在故事中展示了“神羅天征”來阻擋攻擊？,佩恩,大蛇丸,佐助,鳴人,A
559,“禁術·輪回天生”技術能夠對抗什麼？,物理攻擊,精神攻擊,生命與死亡,天氣變化,C
560,誰能夠使用“千年殺”技術來進行暗殺？,鳴人,佐助,大蛇丸,自來也,C
561,“寫輪眼”中的“須佐能乎”能夠提供什麼樣的保護？,物理防護,火焰防護,冰霜防護,精神防護,A
562,誰在故事中首次使用了“神羅天征”來對抗敵人？,佩恩,宇智波斑,鳴人,佐助,A
563,“天照”技術能夠創造什麼效果？,無法熄滅的火焰,強力雷擊,冰霜攻擊,精神干擾,A
564,“輪迴眼”的“修羅道”能夠操控什麼？,能量,物質,技能,武器,B
565,“八卦·空間遷移”技術由誰發明？,日向寧次,鳴人,佩恩,大蛇丸,A
566,哪位角色使用了“禁術·輪回天生”來操控生命與死亡？,宇智波斑,佩恩,佐助,大蛇丸,B
567,誰的能力包括“仙人模式”中的“查克拉增幅”？,自來也,鳴人,佐助,大蛇丸,B
568,“神羅天征”技術的主要效果是什麼？,排斥物體,吸引物體,創造幻影,發射雷電,A
569,誰能夠使用“雷遁·雷光”技術？,奇拉比,鳴人,佐助,大蛇丸,A
570,誰在第四次忍界大戰中使用了“九尾模式”的“完全化身”？,佐助,鳴人,奇拉比,自來也,B
571,哪位角色擁有“寫輪眼”的“月讀”？,宇智波鼬,佩恩,佐助,大蛇丸,A
572,誰能夠使用“仙人模式”中的“強化體能”？,自來也,鳴人,佐助,大蛇丸,A
573,“輪迴眼”中的“天道”技術能夠進行什麼操作？,增強攻擊,控制靈魂,創造幻影,強化防禦,A
574,哪位角色擁有“仙人模式”的“增幅查克拉”？,自來也,鳴人,佐助,大蛇丸,B
575,“地爆天星”技術由誰施展？,佩恩,佐助,宇智波斑,大蛇丸,A
576,誰在第四次忍界大戰中展示了“九尾模式”？,鳴人,佩恩,佐助,奇拉比,A
577,“木遁·木龍”技術由誰使用？,千手柱間,鳴人,佐助,自來也,A
578,“八門遁甲”技術的第六門是什麼？,開門,死門,生門,關門,D
579,“寫輪眼”中的“須佐能乎”技術提供什麼樣的防護？,火焰防護,物理防護,冰霜防護,精神防護,B
580,誰是使用“輪回眼”中的“天道”來進行強力攻擊？,佩恩,自來也,佐助,宇智波斑,A
581,“天照”技術主要由哪位角色使用？,宇智波鼬,佩恩,佐助,大蛇丸,A
582,“八卦·空間遷移”技術是由哪位角色創造的？,日向寧次,鳴人,自來也,佐助,A
583,誰在第四次忍界大戰中展示了“九尾模式”的“完全化身”？,鳴人,佐助,奇拉比,自來也,A
584,“木遁·木龍”技術的使用者是誰？,千手柱間,佐助,鳴人,大蛇丸,A
585,哪位角色擁有“寫輪眼”的“月讀”？,宇智波鼬,佩恩,自來也,佐助,A
586,“仙人模式”能夠提高角色的什麼能力？,攻擊與防禦,速度與力量,查克拉與五感,精神控制,C
587,誰在故事中使用了“地爆天星”技術？,佩恩,鳴人,佐助,大蛇丸,A
588,“輪回眼”中的“修羅道”可以操控什麼？,能量,物質,時間,空間,B
589,哪位角色使用了“神羅天征”來排斥攻擊？,佩恩,宇智波斑,自來也,鳴人,A
590,誰的“雷遁·雷光”技術能夠發出強力雷電？,奇拉比,鳴人,佐助,大蛇丸,A
591,“八門遁甲”的第七門是什麼？,生門,死門,開門,閉門,B
592,誰在故事中使用了“禁術·輪回天生”來影響生命？,佩恩,宇智波斑,佐助,大蛇丸,A
593,“仙人模式”能夠增強角色的什麼能力？,查克拉與感知能力,速度與力量,火焰攻擊,冰霜防護,A
594,哪位角色擁有“寫輪眼”的“須佐能乎”？,自來也,鳴人,佐助,大蛇丸,C
595,誰能夠使用“九尾模式”的“完全化身”？,奇拉比,鳴人,佩恩,佐助,B
596,“木遁·木龍”技術是由哪位角色施展的？,千手柱間,佩恩,自來也,佐助,A
597,“八卦·空間遷移”技術的發明者是誰？,日向寧次,鳴人,佩恩,大蛇丸,A
598,誰的“輪回眼”技術能夠使用“天道”進行強力攻擊？,佩恩,宇智波斑,佐助,大蛇丸,A
599,“神羅天征”技術主要用於什麼？,排斥敵人,吸引敵人,創造幻影,發射火焰,A
